Mathilde,"Lorem ipsum dolor sit amet, consectetur adipiscing elit. Sed do eiusmod tempor incididunt ut labore et dolore magna aliqua. Ut enim ad minim veniam, quis nostrud exercitation ullamco laboris nisi ut aliquip ex ea commodo consequat."
simon,"Sed ut perspiciatis unde omnis iste natus error sit voluptatem accusantium doloremque laudantium, totam rem aperiam, eaque ipsa quae ab illo inventore veritatis."
Jean,"Nunc malesuada, enim id tempus convallis, magna nunc porta elit, eget tincidunt felis metus ut sapien. Etiam a justo non ligula scelerisque tristique."
Fanny,Duis aute irure dolor in reprehenderit in voluptate velit esse cillum dolore eu fugiat nulla pariatur. Excepteur sint occaecat cupidatat non proident.
Bastien,Curabitur nec lorem ut nibh pulvinar imperdiet. In vitae justo non sapien hendrerit faucibus. Maecenas eu nisl vel ligula dictum efficitur.
camille,"Lorem ipsum dolor sit amet, consectetur adipiscing elit. Suspendisse at justo ut leo eleifend gravida. Integer id magna nec metus euismod cursus."
Cynthia,Quisque ut quam a elit vestibulum fermentum. Vivamus nec nisl non lacus tempor fermentum. Praesent quis justo a odio gravida faucibus.
Pierre,"Aliquam erat volutpat. Donec vitae justo vitae sapien suscipit accumsan. Ut at bibendum libero. Integer feugiat, nisi sit amet volutpat pulvinar, est elit aliquet lectus."
Paul,"Morbi non orci in odio tempus posuere. Pellentesque ac ex vitae sapien tristique dignissim at id nibh. Aenean fermentum leo et nulla rhoncus, non luctus massa hendrerit."
Jaques,Nam vitae massa et lectus lobortis finibus. Curabitur et dolor in arcu volutpat porttitor. Suspendisse potenti. Sed sed nisi id sapien tincidunt malesuada.
clautilde,"Vivamus ac turpis et lacus mollis tincidunt. Integer tincidunt purus vel orci commodo, sit amet fringilla nulla vestibulum. Donec in lorem at nunc mattis rhoncus."
